User ID,First Name,Last Name,Mobile,Address,Pin Code,State,Age,Gender,DOB
5.15631E+11,Adira,Doshi,,"22/884, Wadhwa Circle, Jabalpur-935233",367571,Karnataka,80,Male,
7.18681E+11,Kartik,Shenoy,2183319949,"55, Lad Ganj, Chittoor 423750",858539,West Bengal,82,Male,9/3/1943
9.52998E+11,Kismat,Bahri,5220635617,,963588,Gujarat,74,Female,2/2/1951
8.84148E+11,Shalv,Bala,9.18638E+11,"H.No. 792, Chakrabarti Circle, Navi Mumbai 822650",495631,Maharashtra,65,Female,26/05/1960
9.62861E+11,Pihu,Samra,9112663126,"769, Gera Ganj, Khora  467164",554032,West Bengal,73,Male,
5.12779E+11,Hunar,Hayer,8598363753,"H.No. 55, Kashyap Chowk, Mehsana 773296",855620,West Bengal,23,Female,11/11/2002
8.67082E+11,Samaira,Barad,8415368911,"80/981, Thaker, Salem-269084",214516,Karnataka,59,Female,3/11/1966
1.28966E+11,Alisha,Bhargava,981815085,"03/38, Raval Marg, Vasai-Virar-043196",973812,West Bengal,28,Male,5/9/1997
1.606E+11,Rasha,Bhavsar,5535512341,"H.No. 181, Batta Ganj, Akola 846061",500196,Delhi,50,Male,30/03/1975
7.78999E+11,Saira,Zacharia,8797942126,"38, Walia Ganj, Lucknow-645420",317947,Maharashtra,43,Female,6/2/1982
1.87252E+11,Ela,Sarin,9.18024E+11,"13, Dayal Marg, Sultan Pur Majra 962003",181856,Karnataka,48,Female,
3.9634E+11,Jayan,Koshy,,"56/846, Tandon Circle, Bokaro 030434",733677,Gujarat,78,Female,17/07/1947
4.92366E+11,Khushi,Din,,"838, Aggarwal Zila, Uluberia 023934",874417,Tamil Nadu,59,Male,11/1/1966
3.66631E+11,Divit,Barad,7328674923,"H.No. 391, Tiwari Marg, Ratlam-134963",84514,Rajasthan,83,Male,9/5/1942
4.73064E+11,Saira,Batta,9.17548E+11,"499, Bhatt Zila, Hubliâ€“Dharwad-384571",739440,Maharashtra,21,Male,20/11/2004
94336931358,Arnav,Thakkar,5255380546,,74312,Karnataka,,Female,25/05/1995
7.57791E+11,Mamooty,Bora,9.17848E+11,"87/80, Ganguly Circle, Siwan 562990",100797,West Bengal,69,Male,26/03/1956
6.70762E+11,Emir,Kala,1957681379,"94/178, Badami Circle, Ahmednagar-147384",566868,Karnataka,60,Male,19/05/1965
3.56961E+11,Drishya,Bera,9.15631E+11,"H.No. 435, Kamdar Circle, Sasaram-668611",412949,Rajasthan,86,Female,23/09/1939
5.60635E+11,Rati,Bail,9895558626,"H.No. 050, Dugar Zila, Thrissur-663126",799150,Delhi,20,Female,15/02/2005
3.31988E+11,Zeeshan,Sankaran,8335190643,"33/723, Shroff Marg, Bhagalpur-597045",21935,Rajasthan,,Female,21/05/1982
4.54061E+11,Divij,Ratti,,,519308,Tamil Nadu,60,Female,19/10/1965
5.46338E+11,Yakshit,Hayer,7781974194,"78, Dubey Zila, Latur 509902",339755,Rajasthan,86,Female,22/10/1939
31563464324,Kabir,Varty,8857845113,"H.No. 12, Karan Path, New Delhi 998610",179725,Tamil Nadu,81,Female,28/01/1944
9.86907E+11,Emir,Sharma,9.11184E+11,"71/623, Khurana Zila, Satna 147909",802351,Maharashtra,39,Female,25/09/1997
9.14221E+11,Vanya,Dhillon,9.11875E+11,"59/64, Dara Nagar, Pune-960620",823231,Gujarat,43,Male,21/06/1982
28513049976,Aarush,Deol,9.17465E+11,"78/607, Bains Path, Panipat 450719",581300,Tamil Nadu,24,Female,2/1/2001
7.17763E+11,Hunar,Sachdeva,6988547734,"80, Yohannan Chowk, Ahmednagar 383624",937941,Uttar Pradesh,21,Male,3/2/2004
8.51166E+11,Lakshit,Shenoy,,"H.No. 71, Bhatia Circle, Bikaner 372215",571792,Delhi,33,Female,18/06/1992
4.80945E+11,Raunak,Swamy,415364502,"H.No. 774, Kaur Zila, Bettiah-023767",685858,Rajasthan,81,Female,23/08/1944
8.42001E+11,Chirag,Srinivasan,6132378479,,589955,Maharashtra,57,Male,21/11/1968
98996215424,Ritvik,Hora,4562061045,,810209,Rajasthan,77,Male,10/10/1948
6.54021E+11,Raunak,Chand,1369700493,"H.No. 199, Iyengar Ganj, Alappuzha-371574",269749,Karnataka,41,Male,
3.24703E+11,Fateh,Vala,4752208444,"671, Hayer, Loni-154688",670169,Gujarat,25,Female,7/10/2000
3.31993E+11,Kismat,Jani,,"63, Suri Marg, Ongole-501433",310509,Tamil Nadu,80,Male,2/1/1945
56893764578,Tushar,Raju,6547711586,"H.No. 33, Arora Road, Ahmednagar 169346",523697,Gujarat,64,Male,26/09/1961
8.45944E+11,Elakshi,Sethi,9.19401E+11,"H.No. 47, Dugar Nagar, Suryapet-439761",864620,West Bengal,19,Female,2/6/2006
8.1231E+11,Kashvi,Raju,9.13752E+11,"87, Dutta Path, Farrukhabad-644021",682532,West Bengal,,Female,23/09/1998
5.91052E+11,Ela,,5586241386,"08/19, Bains Marg, Shimla-785670",370768,Rajasthan,51,Female,
8395550412,Kiara,Bains,3149287573,"H.No. 895, Warrior Chowk, Akola 505579",905493,Gujarat,27,Male,21/11/1998
